AALI.JK,
ACES.JK,
ADES.JK,
ADHI.JK,
ADMG.JK,
ADRO.JK,
AGAR.JK,
AGII.JK,
AIMS.JK,
AKKU.JK,
AKPI.JK,
AKRA.JK,
AKSI.JK,
ALDO.JK,
ALKA.JK,
AMAN.JK,
AMIN.JK,
ANDI.JK,
ANJT.JK,
ANTM.JK,
APII.JK,
APLI.JK,
ARII.JK,
ARNA.JK,
ASGR.JK,
ASRI.JK,
ATAP.JK,
AUTO.JK,
AYLS.JK,
BALI.JK,
BAPA.JK,
BAPI.JK,
BATA.JK,
BAYU.JK,
BBSS.JK,
BCIP.JK,
BEEF.JK,
BELL.JK,
BESS.JK,
BEST.JK,
BIPP.JK,
BIRD.JK,
BISI.JK,
BKDP.JK,
BKSL.JK,
BLTA.JK,
BLTZ.JK,
BLUE.JK,
BMSR.JK,
BMTR.JK,
BOGA.JK,
BOLT.JK,
BOSS.JK,
BRAM.JK,
BRIS.JK,
BRMS.JK,
BRNA.JK,
BRPT.JK,
BSSR.JK,
BTEK.JK,
BTON.JK,
BTPS.JK,
BUDI.JK,
BUKK.JK,
BUVA.JK,
BYAN.JK,
CAKK.JK,
CAMP.JK,
CASS.JK,
CBMF.JK,
CCSI.JK,
CEKA.JK,
CINT.JK,
CITA.JK,
CITY.JK,
CLEO.JK,
CLPI.JK,
CMNP.JK,
COCO.JK,
CPIN.JK,
CSAP.JK,
CSIS.JK,
CSMI.JK,
CSRA.JK,
CTBN.JK,
CTRA.JK,
CTTH.JK,
DADA.JK,
DAYA.JK,
DEAL.JK,
DEWA.JK,
DGIK.JK,
DIGI.JK,
DILD.JK,
DIVA.JK,
DKFT.JK,
DMAS.JK,
DMMX.JK,
DMND.JK,
DPNS.JK,
DPUM.JK,
DSFI.JK,
DSSA.JK,
DUCK.JK,
DUTI.JK,
DVLA.JK,
DWGL.JK,
ECII.JK,
EKAD.JK,
ELSA.JK,
EMTK.JK,
ENRG.JK,
ENVY.JK,
ENZO.JK,
EPAC.JK,
EPMT.JK,
ERAA.JK,
ESIP.JK,
EXCL.JK,
FAPA.JK,
FAST.JK,
FASW.JK,
FIRE.JK,
FISH.JK,
FITT.JK,
FMII.JK,
FOOD.JK,
FORZ.JK,
FPNI.JK,
GAMA.JK,
GDST.JK,
GDYR.JK,
GEMA.JK,
GEMS.JK,
GGRP.JK,
GHON.JK,
GJTL.JK,
GMTD.JK,
GOLD.JK,
GOOD.JK,
GPRA.JK,
GWSA.JK,
GZCO.JK,
HADE.JK,
HDIT.JK,
HDTX.JK,
HEAL.JK,
HELI.JK,
HERO.JK,
HEXA.JK,
HKMU.JK,
HOKI.JK,
HOMI.JK,
HRME.JK,
HRTA.JK,
HRUM.JK,
IATA.JK,
IBST.JK,
ICBP.JK,
ICON.JK,
IDPR.JK,
IFII.JK,
IFSH.JK,
IGAR.JK,
IIKP.JK,
IKAI.JK,
IKAN.JK,
IKBI.JK,
IMPC.JK,
INAF.JK,
INCI.JK,
INCO.JK,
INDF.JK,
INDR.JK,
INDS.JK,
INDX.JK,
INKP.JK,
INPP.JK,
INPS.JK,
INTD.JK,
INTP.JK,
IPCC.JK,
IPCM.JK,
IPOL.JK,
IPTV.JK,
IRRA.JK,
ISAT.JK,
ISSP.JK,
ITMA.JK,
ITMG.JK,
JAST.JK,
JAYA.JK,
JECC.JK,
JIHD.JK,
JKON.JK,
JMAS.JK,
JPFA.JK,
JRPT.JK,
JSKY.JK,
JSPT.JK,
KAEF.JK,
KARW.JK,
KAYU.JK,
KBAG.JK,
KBLI.JK,
KBLM.JK,
KDSI.JK,
KEEN.JK,
KEJU.JK,
KIAS.JK,
KICI.JK,
KIJA.JK,
KINO.JK,
KIOS.JK,
KKGI.JK,
KLBF.JK,
KMDS.JK,
KOBX.JK,
KOIN.JK,
KOPI.JK,
KPAS.JK,
KPIG.JK,
KREN.JK,
LCGP.JK,
LCKM.JK,
LINK.JK,
LION.JK,
LMAS.JK,
LMPI.JK,
LMSH.JK,
LPIN.JK,
LPLI.JK,
LPPF.JK,
LRNA.JK,
LSIP.JK,
LTLS.JK,
LUCK.JK,
MAGP.JK,
MAPA.JK,
MAPB.JK,
MAPI.JK,
MARK.JK,
MASA.JK,
MBAP.JK,
MBSS.JK,
MBTO.JK,
MCAS.JK,
MDKA.JK,
MDKI.JK,
MERK.JK,
META.JK,
MFMI.JK,
MGRO.JK,
MICE.JK,
MIDI.JK,
MIKA.JK,
MINA.JK,
MIRA.JK,
MKPI.JK,
MLIA.JK,
MLPL.JK,
MLPT.JK,
MMLP.JK,
MNCN.JK,
MPMX.JK,
MPOW.JK,
MPPA.JK,
MRAT.JK,
MSIN.JK,
MSKY.JK,
MTDL.JK,
MTFN.JK,
MTLA.JK,
MTPS.JK,
MTSM.JK,
MYOH.JK,
MYOR.JK,
NASA.JK,
NELY.JK,
NFCX.JK,
NRCA.JK,
NZIA.JK,
OMRE.JK,
PALM.JK,
PAMG.JK,
PANI.JK,
PANR.JK,
PBID.JK,
PBSA.JK,
PCAR.JK,
PDES.JK,
PEHA.JK,
PGAS.JK,
PGLI.JK,
PJAA.JK,
PLAS.JK,
PLIN.JK,
PMJS.JK,
PNBS.JK,
POLL.JK,
POLU.JK,
PORT.JK,
POWR.JK,
PPRE.JK,
PPRO.JK,
PRDA.JK,
PRIM.JK,
PSKT.JK,
PSSI.JK,
PTBA.JK,
PTDU.JK,
PTPP.JK,
PTPW.JK,
PTRO.JK,
PTSN.JK,
PTSP.JK,
PUDP.JK,
PURA.JK,
PURE.JK,
PURI.JK,
PWON.JK,
PYFA.JK,
PZZA.JK,
RAJA.JK,
RALS.JK,
RANC.JK,
RBMS.JK,
REAL.JK,
RIGS.JK,
ROCK.JK,
RODA.JK,
RONY.JK,
ROTI.JK,
SAMF.JK,
SAPX.JK,
SCCO.JK,
SCMA.JK,
SCNP.JK,
SCPI.JK,
SGER.JK,
SGRO.JK,
SHID.JK,
SHIP.JK,
SIDO.JK,
SILO.JK,
SIMP.JK,
SINI.JK,
SIPD.JK,
SKBM.JK,
SKLT.JK,
SKRN.JK,
SLIS.JK,
SMBR.JK,
SMCB.JK,
SMDM.JK,
SMDR.JK,
SMGR.JK,
SMMT.JK,
SMRA.JK,
SMRU.JK,
SMSM.JK,
SOHO.JK,
SONA.JK,
SOSS.JK,
SOTS.JK,
SPMA.JK,
SPTO.JK,
SRAJ.JK,
SSIA.JK,
SSTM.JK,
STTP.JK,
SWAT.JK,
TAMA.JK,
TAMU.JK,
TARA.JK,
TBMS.JK,
TCID.JK,
TCPI.JK,
TDPM.JK,
TEBE.JK,
TECH.JK,
TFAS.JK,
TFCO.JK,
TGKA.JK,
TGRA.JK,
TINS.JK,
TIRA.JK,
TKIM.JK,
TLKM.JK,
TNCA.JK,
TOPS.JK,
TOTL.JK,
TOTO.JK,
TOYS.JK,
TPIA.JK,
TPMA.JK,
TRIN.JK,
TRIS.JK,
TRST.JK,
TRUK.JK,
TSPC.JK,
TURI.JK,
UCID.JK,
ULTJ.JK,
UNIC.JK,
UNIT.JK,
UNTR.JK,
UNVR.JK,
VICI.JK,
VOKS.JK,
WAPO.JK,
WEGE.JK,
WEHA.JK,
WICO.JK,
WIKA.JK,
WINS.JK,
WOOD.JK,
WOWS.JK,
WSBP.JK,
WTON.JK,
YELO.JK,
YPAS.JK,
ZBRA.JK,
ZINC.JK,
ZONE.JK,